{
    "loss": 0.03364089876413345,
    "accuracy": 0.9901960492134094
}